train_label,train_label_name,test_label,test_label_name,representation,axis_method,repeat,train_source_n,train_external_n,test_source_n,test_external_n,auc,accuracy,effect_size
8,colorectal adenocarcinoma epithelium,8,colorectal adenocarcinoma epithelium,residual_top8_pca,logistic_regression,1,863,863,370,370,0.7842878013148283,0.7162162162162162,1.1033764912639061
8,colorectal adenocarcinoma epithelium,8,colorectal adenocarcinoma epithelium,residual_top8_pca,mean_difference,1,863,863,370,370,0.7545434623813002,0.7027027027027027,0.9874159392359652
8,colorectal adenocarcinoma epithelium,8,colorectal adenocarcinoma epithelium,residual_top8_pca,logistic_regression,2,863,863,370,370,0.7744923301680059,0.6851351351351351,1.0870332572912649
8,colorectal adenocarcinoma epithelium,8,colorectal adenocarcinoma epithelium,residual_top8_pca,mean_difference,2,863,863,370,370,0.7231409788166545,0.6635135135135135,0.8558740701118207
8,colorectal adenocarcinoma epithelium,8,colorectal adenocarcinoma epithelium,residual_top8_pca,logistic_regression,3,863,863,370,370,0.7748283418553689,0.6851351351351351,1.07147162113453
8,colorectal adenocarcinoma epithelium,8,colorectal adenocarcinoma epithelium,residual_top8_pca,mean_difference,3,863,863,370,370,0.7415924032140249,0.6756756756756757,0.9404163877622322
8,colorectal adenocarcinoma epithelium,8,colorectal adenocarcinoma epithelium,residual_top8_pca,logistic_regression,4,863,863,370,370,0.7710445580715851,0.7067567567567568,1.0338358935877534
8,colorectal adenocarcinoma epithelium,8,colorectal adenocarcinoma epithelium,residual_top8_pca,mean_difference,4,863,863,370,370,0.7412198685171658,0.6932432432432433,0.9294660931824122
8,colorectal adenocarcinoma epithelium,8,colorectal adenocarcinoma epithelium,residual_top8_pca,logistic_regression,5,863,863,370,370,0.7833966398831264,0.7,1.1327631287843734
8,colorectal adenocarcinoma epithelium,8,colorectal adenocarcinoma epithelium,residual_top8_pca,mean_difference,5,863,863,370,370,0.7573557341124909,0.6864864864864865,1.003538622526421
8,colorectal adenocarcinoma epithelium,8,colorectal adenocarcinoma epithelium,residual_top8_pca,logistic_regression,6,863,863,370,370,0.7530679327976625,0.6837837837837838,0.9351040692259976
8,colorectal adenocarcinoma epithelium,8,colorectal adenocarcinoma epithelium,residual_top8_pca,mean_difference,6,863,863,370,370,0.7333382030679328,0.672972972972973,0.8911086593397457
8,colorectal adenocarcinoma epithelium,8,colorectal adenocarcinoma epithelium,residual_top8_pca,logistic_regression,7,863,863,370,370,0.7830533235938641,0.6932432432432433,1.1301277097294726
8,colorectal adenocarcinoma epithelium,8,colorectal adenocarcinoma epithelium,residual_top8_pca,mean_difference,7,863,863,370,370,0.7303652300949598,0.6797297297297298,0.8789627608077611
8,colorectal adenocarcinoma epithelium,8,colorectal adenocarcinoma epithelium,residual_top8_pca,logistic_regression,8,863,863,370,370,0.7973484295105917,0.7243243243243244,1.1409890012644974
8,colorectal adenocarcinoma epithelium,8,colorectal adenocarcinoma epithelium,residual_top8_pca,mean_difference,8,863,863,370,370,0.7737034331628926,0.7027027027027027,1.0490759565033114
8,colorectal adenocarcinoma epithelium,8,colorectal adenocarcinoma epithelium,residual_top8_pca,logistic_regression,9,863,863,370,370,0.7982176771365961,0.7027027027027027,1.2059518059682375
8,colorectal adenocarcinoma epithelium,8,colorectal adenocarcinoma epithelium,residual_top8_pca,mean_difference,9,863,863,370,370,0.7757779401022644,0.7067567567567568,1.0915300298814605
8,colorectal adenocarcinoma epithelium,8,colorectal adenocarcinoma epithelium,residual_top8_pca,logistic_regression,10,863,863,370,370,0.8041417092768444,0.7175675675675676,1.2166393857769549
8,colorectal adenocarcinoma epithelium,8,colorectal adenocarcinoma epithelium,residual_top8_pca,mean_difference,10,863,863,370,370,0.7800292184075968,0.7135135135135136,1.1061416713636603
8,colorectal adenocarcinoma epithelium,8,colorectal adenocarcinoma epithelium,residual_top8_pca,logistic_regression,11,863,863,370,370,0.7758290723155588,0.6959459459459459,1.0748566742166825
8,colorectal adenocarcinoma epithelium,8,colorectal adenocarcinoma epithelium,residual_top8_pca,mean_difference,11,863,863,370,370,0.745390796201607,0.6810810810810811,0.9470556836122278
8,colorectal adenocarcinoma epithelium,8,colorectal adenocarcinoma epithelium,residual_top8_pca,logistic_regression,12,863,863,370,370,0.7620525931336742,0.6918918918918919,0.9868771717380957
8,colorectal adenocarcinoma epithelium,8,colorectal adenocarcinoma epithelium,residual_top8_pca,mean_difference,12,863,863,370,370,0.7446895544192842,0.6797297297297298,0.9427599291381971
8,colorectal adenocarcinoma epithelium,8,colorectal adenocarcinoma epithelium,residual_top8_pca,logistic_regression,13,863,863,370,370,0.7820672023374726,0.7121621621621622,1.0977730120193274
8,colorectal adenocarcinoma epithelium,8,colorectal adenocarcinoma epithelium,residual_top8_pca,mean_difference,13,863,863,370,370,0.7521329437545654,0.6837837837837838,0.9829379678528919
8,colorectal adenocarcinoma epithelium,8,colorectal adenocarcinoma epithelium,residual_top8_pca,logistic_regression,14,863,863,370,370,0.7862673484295106,0.7108108108108108,1.1030886382663172
8,colorectal adenocarcinoma epithelium,8,colorectal adenocarcinoma epithelium,residual_top8_pca,mean_difference,14,863,863,370,370,0.7579108838568298,0.6972972972972973,1.008117546887943
8,colorectal adenocarcinoma epithelium,8,colorectal adenocarcinoma epithelium,residual_top8_pca,logistic_regression,15,863,863,370,370,0.8001022644265887,0.7202702702702702,1.1772786719526989
8,colorectal adenocarcinoma epithelium,8,colorectal adenocarcinoma epithelium,residual_top8_pca,mean_difference,15,863,863,370,370,0.7721256391526662,0.7067567567567568,1.0629403475689299
8,colorectal adenocarcinoma epithelium,8,colorectal adenocarcinoma epithelium,residual_top8_pca,logistic_regression,16,863,863,370,370,0.7946457268078889,0.7027027027027027,1.1598567323106328
8,colorectal adenocarcinoma epithelium,8,colorectal adenocarcinoma epithelium,residual_top8_pca,mean_difference,16,863,863,370,370,0.776464572680789,0.7040540540540541,1.0881689727974613
8,colorectal adenocarcinoma epithelium,8,colorectal adenocarcinoma epithelium,residual_top8_pca,logistic_regression,17,863,863,370,370,0.7665595325054785,0.6945945945945946,1.0085367282770001
8,colorectal adenocarcinoma epithelium,8,colorectal adenocarcinoma epithelium,residual_top8_pca,mean_difference,17,863,863,370,370,0.736654492330168,0.672972972972973,0.8987716465223806
8,colorectal adenocarcinoma epithelium,8,colorectal adenocarcinoma epithelium,residual_top8_pca,logistic_regression,18,863,863,370,370,0.7824105186267348,0.6851351351351351,1.117884863467588
8,colorectal adenocarcinoma epithelium,8,colorectal adenocarcinoma epithelium,residual_top8_pca,mean_difference,18,863,863,370,370,0.745945945945946,0.6837837837837838,0.9598785175761505
8,colorectal adenocarcinoma epithelium,8,colorectal adenocarcinoma epithelium,residual_top8_pca,logistic_regression,19,863,863,370,370,0.7575237399561724,0.668918918918919,1.0117369970296846
8,colorectal adenocarcinoma epithelium,8,colorectal adenocarcinoma epithelium,residual_top8_pca,mean_difference,19,863,863,370,370,0.7331409788166545,0.6864864864864865,0.8981443594357879
8,colorectal adenocarcinoma epithelium,8,colorectal adenocarcinoma epithelium,residual_top8_pca,logistic_regression,20,863,863,370,370,0.7966691015339664,0.7013513513513514,1.1819688672470554
8,colorectal adenocarcinoma epithelium,8,colorectal adenocarcinoma epithelium,residual_top8_pca,mean_difference,20,863,863,370,370,0.7650328707085464,0.6959459459459459,1.032196405545094
8,colorectal adenocarcinoma epithelium,8,colorectal adenocarcinoma epithelium,residual_full,logistic_regression,1,863,863,370,370,0.8747772096420745,0.8094594594594594,1.5719236438774107
8,colorectal adenocarcinoma epithelium,8,colorectal adenocarcinoma epithelium,residual_full,mean_difference,1,863,863,370,370,0.7369612856099342,0.6837837837837838,0.922947357690069
8,colorectal adenocarcinoma epithelium,8,colorectal adenocarcinoma epithelium,residual_full,logistic_regression,2,863,863,370,370,0.8485390796201607,0.777027027027027,1.4509767708914627
8,colorectal adenocarcinoma epithelium,8,colorectal adenocarcinoma epithelium,residual_full,mean_difference,2,863,863,370,370,0.7108984660336012,0.6594594594594595,0.8221845626860386
8,colorectal adenocarcinoma epithelium,8,colorectal adenocarcinoma epithelium,residual_full,logistic_regression,3,863,863,370,370,0.8592403214024835,0.7756756756756756,1.5225048263017171
8,colorectal adenocarcinoma epithelium,8,colorectal adenocarcinoma epithelium,residual_full,mean_difference,3,863,863,370,370,0.7210299488677867,0.6797297297297298,0.8446564340400592
8,colorectal adenocarcinoma epithelium,8,colorectal adenocarcinoma epithelium,residual_full,logistic_regression,4,863,863,370,370,0.8731775018261505,0.8027027027027027,1.5906683719397199
8,colorectal adenocarcinoma epithelium,8,colorectal adenocarcinoma epithelium,residual_full,mean_difference,4,863,863,370,370,0.746654492330168,0.7175675675675676,0.9588308404591409
8,colorectal adenocarcinoma epithelium,8,colorectal adenocarcinoma epithelium,residual_full,logistic_regression,5,863,863,370,370,0.8758071585098612,0.7986486486486486,1.610755243584127
8,colorectal adenocarcinoma epithelium,8,colorectal adenocarcinoma epithelium,residual_full,mean_difference,5,863,863,370,370,0.759590942293645,0.6918918918918919,1.0272228311847897
8,colorectal adenocarcinoma epithelium,8,colorectal adenocarcinoma epithelium,residual_full,logistic_regression,6,863,863,370,370,0.8442147552958363,0.7621621621621621,1.4438982368510989
8,colorectal adenocarcinoma epithelium,8,colorectal adenocarcinoma epithelium,residual_full,mean_difference,6,863,863,370,370,0.7172753834915997,0.6581081081081082,0.843302777307343
8,colorectal adenocarcinoma epithelium,8,colorectal adenocarcinoma epithelium,residual_full,logistic_regression,7,863,863,370,370,0.8487655222790358,0.7837837837837838,1.4252814775513252
8,colorectal adenocarcinoma epithelium,8,colorectal adenocarcinoma epithelium,residual_full,mean_difference,7,863,863,370,370,0.7131190650109569,0.6621621621621622,0.8142289845827563
8,colorectal adenocarcinoma epithelium,8,colorectal adenocarcinoma epithelium,residual_full,logistic_regression,8,863,863,370,370,0.8573776479181885,0.7918918918918919,1.4925321275415027
8,colorectal adenocarcinoma epithelium,8,colorectal adenocarcinoma epithelium,residual_full,mean_difference,8,863,863,370,370,0.7370489408327247,0.672972972972973,0.9272381190638237
8,colorectal adenocarcinoma epithelium,8,colorectal adenocarcinoma epithelium,residual_full,logistic_regression,9,863,863,370,370,0.8588312636961286,0.7918918918918919,1.534790161364973
8,colorectal adenocarcinoma epithelium,8,colorectal adenocarcinoma epithelium,residual_full,mean_difference,9,863,863,370,370,0.7197589481373265,0.6662162162162162,0.8510939928520225
8,colorectal adenocarcinoma epithelium,8,colorectal adenocarcinoma epithelium,residual_full,logistic_regression,10,863,863,370,370,0.8678670562454346,0.8027027027027027,1.5662647042748845
8,colorectal adenocarcinoma epithelium,8,colorectal adenocarcinoma epithelium,residual_full,mean_difference,10,863,863,370,370,0.7195252008765523,0.6783783783783783,0.8442166984186251
8,colorectal adenocarcinoma epithelium,8,colorectal adenocarcinoma epithelium,residual_full,logistic_regression,11,863,863,370,370,0.879963476990504,0.8135135135135135,1.6259324646527864
8,colorectal adenocarcinoma epithelium,8,colorectal adenocarcinoma epithelium,residual_full,mean_difference,11,863,863,370,370,0.7468444119795471,0.6878378378378378,0.9651076674915843
8,colorectal adenocarcinoma epithelium,8,colorectal adenocarcinoma epithelium,residual_full,logistic_regression,12,863,863,370,370,0.8747845142439737,0.8067567567567567,1.5975465160022255
8,colorectal adenocarcinoma epithelium,8,colorectal adenocarcinoma epithelium,residual_full,mean_difference,12,863,863,370,370,0.7611614317019723,0.6878378378378378,1.0434757371975791
8,colorectal adenocarcinoma epithelium,8,colorectal adenocarcinoma epithelium,residual_full,logistic_regression,13,863,863,370,370,0.8606574141709277,0.7878378378378378,1.4985295971985935
8,colorectal adenocarcinoma epithelium,8,colorectal adenocarcinoma epithelium,residual_full,mean_difference,13,863,863,370,370,0.7367129291453616,0.6648648648648648,0.900840817019021
8,colorectal adenocarcinoma epithelium,8,colorectal adenocarcinoma epithelium,residual_full,logistic_regression,14,863,863,370,370,0.8692184075967859,0.8094594594594594,1.5746493381803157
8,colorectal adenocarcinoma epithelium,8,colorectal adenocarcinoma epithelium,residual_full,mean_difference,14,863,863,370,370,0.7647626004382762,0.6959459459459459,1.0519095248523154
8,colorectal adenocarcinoma epithelium,8,colorectal adenocarcinoma epithelium,residual_full,logistic_regression,15,863,863,370,370,0.8747041636230826,0.8094594594594594,1.576054316540044
8,colorectal adenocarcinoma epithelium,8,colorectal adenocarcinoma epithelium,residual_full,mean_difference,15,863,863,370,370,0.7300803506208912,0.6797297297297298,0.8932115091972774
8,colorectal adenocarcinoma epithelium,8,colorectal adenocarcinoma epithelium,residual_full,logistic_regression,16,863,863,370,370,0.8760774287801315,0.8054054054054054,1.5967655963281724
8,colorectal adenocarcinoma epithelium,8,colorectal adenocarcinoma epithelium,residual_full,mean_difference,16,863,863,370,370,0.7304017531044558,0.6756756756756757,0.8835015275438752
8,colorectal adenocarcinoma epithelium,8,colorectal adenocarcinoma epithelium,residual_full,logistic_regression,17,863,863,370,370,0.8685536888239591,0.7932432432432432,1.5775621136279416
8,colorectal adenocarcinoma epithelium,8,colorectal adenocarcinoma epithelium,residual_full,mean_difference,17,863,863,370,370,0.7437326515704894,0.6824324324324325,0.9511495915841189
8,colorectal adenocarcinoma epithelium,8,colorectal adenocarcinoma epithelium,residual_full,logistic_regression,18,863,863,370,370,0.8747406866325785,0.7945945945945946,1.607197517328853
8,colorectal adenocarcinoma epithelium,8,colorectal adenocarcinoma epithelium,residual_full,mean_difference,18,863,863,370,370,0.7506062819576333,0.7040540540540541,0.974328242825709
8,colorectal adenocarcinoma epithelium,8,colorectal adenocarcinoma epithelium,residual_full,logistic_regression,19,863,863,370,370,0.8695617238860482,0.7851351351351351,1.5624261918645592
8,colorectal adenocarcinoma epithelium,8,colorectal adenocarcinoma epithelium,residual_full,mean_difference,19,863,863,370,370,0.7432505478451424,0.6959459459459459,0.9252062786299673
8,colorectal adenocarcinoma epithelium,8,colorectal adenocarcinoma epithelium,residual_full,logistic_regression,20,863,863,370,370,0.8660701241782323,0.7905405405405406,1.521430072602475
8,colorectal adenocarcinoma epithelium,8,colorectal adenocarcinoma epithelium,residual_full,mean_difference,20,863,863,370,370,0.7281665449233017,0.6783783783783783,0.8882100626625233
8,colorectal adenocarcinoma epithelium,6,normal colon mucosa,residual_top8_pca,logistic_regression,1,863,863,1577,741,0.6674762121145995,0.6108714408973253,0.6104194056578572
8,colorectal adenocarcinoma epithelium,6,normal colon mucosa,residual_top8_pca,mean_difference,1,863,863,1577,741,0.5290661901815659,0.5366695427092321,0.11157907755587392
8,colorectal adenocarcinoma epithelium,6,normal colon mucosa,residual_top8_pca,logistic_regression,2,863,863,1577,741,0.6847017304247889,0.6125970664365833,0.6832904167143056
8,colorectal adenocarcinoma epithelium,6,normal colon mucosa,residual_top8_pca,mean_difference,2,863,863,1577,741,0.5354381514979586,0.5263157894736842,0.13604261664526043
8,colorectal adenocarcinoma epithelium,6,normal colon mucosa,residual_top8_pca,logistic_regression,3,863,863,1577,741,0.6824048805492586,0.6052631578947368,0.6783461938306824
8,colorectal adenocarcinoma epithelium,6,normal colon mucosa,residual_top8_pca,mean_difference,3,863,863,1577,741,0.5355793512853887,0.5336496980155306,0.13589592993626115
8,colorectal adenocarcinoma epithelium,6,normal colon mucosa,residual_top8_pca,logistic_regression,4,863,863,1577,741,0.6767218030442674,0.589732528041415,0.6483650211706241
8,colorectal adenocarcinoma epithelium,6,normal colon mucosa,residual_top8_pca,mean_difference,4,863,863,1577,741,0.5361997745937939,0.5245901639344263,0.1358161184828625
8,colorectal adenocarcinoma epithelium,6,normal colon mucosa,residual_top8_pca,logistic_regression,5,863,863,1577,741,0.6880785447350878,0.6259706643658326,0.6902520361554693
8,colorectal adenocarcinoma epithelium,6,normal colon mucosa,residual_top8_pca,mean_difference,5,863,863,1577,741,0.5314451926606918,0.5418464193270061,0.11836288979472868
8,colorectal adenocarcinoma epithelium,6,normal colon mucosa,residual_top8_pca,logistic_regression,6,863,863,1577,741,0.7098164659490295,0.6061259706643658,0.7758119002144743
8,colorectal adenocarcinoma epithelium,6,normal colon mucosa,residual_top8_pca,mean_difference,6,863,863,1577,741,0.5576972282909606,0.5159620362381363,0.22068998774107693
8,colorectal adenocarcinoma epithelium,6,normal colon mucosa,residual_top8_pca,logistic_regression,7,863,863,1577,741,0.7049763083871818,0.6087144089732528,0.76725235055152
8,colorectal adenocarcinoma epithelium,6,normal colon mucosa,residual_top8_pca,mean_difference,7,863,863,1577,741,0.5475565162846143,0.5198446937014668,0.17565293931112777
8,colorectal adenocarcinoma epithelium,6,normal colon mucosa,residual_top8_pca,logistic_regression,8,863,863,1577,741,0.6941509913508712,0.634167385677308,0.7153557493855459
8,colorectal adenocarcinoma epithelium,6,normal colon mucosa,residual_top8_pca,mean_difference,8,863,863,1577,741,0.5418734387796231,0.5340811044003452,0.15839384164654177
8,colorectal adenocarcinoma epithelium,6,normal colon mucosa,residual_top8_pca,logistic_regression,9,863,863,1577,741,0.6954312027569045,0.6324417601380501,0.724041713443481
8,colorectal adenocarcinoma epithelium,6,normal colon mucosa,residual_top8_pca,mean_difference,9,863,863,1577,741,0.5388800032861042,0.5379637618636756,0.14913987638459644
8,colorectal adenocarcinoma epithelium,6,normal colon mucosa,residual_top8_pca,logistic_regression,10,863,863,1577,741,0.685023494788872,0.6251078515962036,0.680821533301519
8,colorectal adenocarcinoma epithelium,6,normal colon mucosa,residual_top8_pca,mean_difference,10,863,863,1577,741,0.5308119330079748,0.5332182916307161,0.11525171409748462
8,colorectal adenocarcinoma epithelium,6,normal colon mucosa,residual_top8_pca,logistic_regression,11,863,863,1577,741,0.6791975059838758,0.6190681622088007,0.6626945677405568
8,colorectal adenocarcinoma epithelium,6,normal colon mucosa,residual_top8_pca,mean_difference,11,863,863,1577,741,0.5261831472491286,0.5345125107851596,0.10185852783684464
8,colorectal adenocarcinoma epithelium,6,normal colon mucosa,residual_top8_pca,logistic_regression,12,863,863,1577,741,0.692314538357992,0.6345987920621226,0.7134627735558582
8,colorectal adenocarcinoma epithelium,6,normal colon mucosa,residual_top8_pca,mean_difference,12,863,863,1577,741,0.5310087569540896,0.5457290767903364,0.11095790041503537
8,colorectal adenocarcinoma epithelium,6,normal colon mucosa,residual_top8_pca,logistic_regression,13,863,863,1577,741,0.6728957166830544,0.5754961173425367,0.6460585156088976
8,colorectal adenocarcinoma epithelium,6,normal colon mucosa,residual_top8_pca,mean_difference,13,863,863,1577,741,0.5436448542946557,0.5189818809318378,0.17066062926313816
8,colorectal adenocarcinoma epithelium,6,normal colon mucosa,residual_top8_pca,logistic_regression,14,863,863,1577,741,0.6963614098413684,0.6173425366695428,0.7368345443881872
8,colorectal adenocarcinoma epithelium,6,normal colon mucosa,residual_top8_pca,mean_difference,14,863,863,1577,741,0.5402620496903446,0.5310612597066436,0.15254202377203327
8,colorectal adenocarcinoma epithelium,6,normal colon mucosa,residual_top8_pca,logistic_regression,15,863,863,1577,741,0.6969741313431865,0.6324417601380501,0.7299491532123624
8,colorectal adenocarcinoma epithelium,6,normal colon mucosa,residual_top8_pca,mean_difference,15,863,863,1577,741,0.536406867615358,0.5340811044003452,0.13864153463617193
8,colorectal adenocarcinoma epithelium,6,normal colon mucosa,residual_top8_pca,logistic_regression,16,863,863,1577,741,0.6653214177827868,0.5746333045729077,0.6057030908439436
8,colorectal adenocarcinoma epithelium,6,normal colon mucosa,residual_top8_pca,mean_difference,16,863,863,1577,741,0.5371941633998171,0.5155306298533219,0.14746816034590043
8,colorectal adenocarcinoma epithelium,6,normal colon mucosa,residual_top8_pca,logistic_regression,17,863,863,1577,741,0.6753611505472134,0.588869715271786,0.6501831921053282
8,colorectal adenocarcinoma epithelium,6,normal colon mucosa,residual_top8_pca,mean_difference,17,863,863,1577,741,0.5367782658441137,0.5220017256255393,0.1428275469101469
8,colorectal adenocarcinoma epithelium,6,normal colon mucosa,residual_top8_pca,logistic_regression,18,863,863,1577,741,0.7027171117882995,0.6061259706643658,0.7546996489490914
8,colorectal adenocarcinoma epithelium,6,normal colon mucosa,residual_top8_pca,mean_difference,18,863,863,1577,741,0.5437740734940615,0.5258843830888698,0.1677170654375074
8,colorectal adenocarcinoma epithelium,6,normal colon mucosa,residual_top8_pca,logistic_regression,19,863,863,1577,741,0.6801456839503764,0.6281276962899051,0.6599956393947369
8,colorectal adenocarcinoma epithelium,6,normal colon mucosa,residual_top8_pca,mean_difference,19,863,863,1577,741,0.5296789116833839,0.5332182916307161,0.10700373733620995
8,colorectal adenocarcinoma epithelium,6,normal colon mucosa,residual_top8_pca,logistic_regression,20,863,863,1577,741,0.6965488204683212,0.6251078515962036,0.729797938868387
8,colorectal adenocarcinoma epithelium,6,normal colon mucosa,residual_top8_pca,mean_difference,20,863,863,1577,741,0.537464582386653,0.5289042277825712,0.1420851248518474
8,colorectal adenocarcinoma epithelium,6,normal colon mucosa,residual_full,logistic_regression,1,863,863,1577,741,0.6793729360228042,0.6095772217428818,0.6985635095471286
8,colorectal adenocarcinoma epithelium,6,normal colon mucosa,residual_full,mean_difference,1,863,863,1577,741,0.5794813603444248,0.5785159620362381,0.2307696057092771
8,colorectal adenocarcinoma epithelium,6,normal colon mucosa,residual_full,logistic_regression,2,863,863,1577,741,0.6885560567434879,0.6462467644521139,0.7679209271126757
8,colorectal adenocarcinoma epithelium,6,normal colon mucosa,residual_full,mean_difference,2,863,863,1577,741,0.5812955636738302,0.5858498705780846,0.23725965386791195
8,colorectal adenocarcinoma epithelium,6,normal colon mucosa,residual_full,logistic_regression,3,863,863,1577,741,0.6594483623819805,0.6255392579810182,0.6710506462149001
8,colorectal adenocarcinoma epithelium,6,normal colon mucosa,residual_full,mean_difference,3,863,863,1577,741,0.5777972319707126,0.5875754961173425,0.22749920894014486
8,colorectal adenocarcinoma epithelium,6,normal colon mucosa,residual_full,logistic_regression,4,863,863,1577,741,0.7048633485572376,0.6471095772217429,0.7797176690148749
8,colorectal adenocarcinoma epithelium,6,normal colon mucosa,residual_full,mean_difference,4,863,863,1577,741,0.5862212968644234,0.5789473684210527,0.2522249654753808
8,colorectal adenocarcinoma epithelium,6,normal colon mucosa,residual_full,logistic_regression,5,863,863,1577,741,0.6674419818631012,0.5647109577221743,0.6993977209851246
8,colorectal adenocarcinoma epithelium,6,normal colon mucosa,residual_full,mean_difference,5,863,863,1577,741,0.5906079035939197,0.5858498705780846,0.28085564872170715
8,colorectal adenocarcinoma epithelium,6,normal colon mucosa,residual_full,logistic_regression,6,863,863,1577,741,0.6685536092805058,0.5543572044866264,0.6621358338156421
8,colorectal adenocarcinoma epithelium,6,normal colon mucosa,residual_full,mean_difference,6,863,863,1577,741,0.5905582697292473,0.5841242450388265,0.280801042910978
8,colorectal adenocarcinoma epithelium,6,normal colon mucosa,residual_full,logistic_regression,7,863,863,1577,741,0.674313704851368,0.5871440897325281,0.7188813412675645
8,colorectal adenocarcinoma epithelium,6,normal colon mucosa,residual_full,mean_difference,7,863,863,1577,741,0.5781369672168324,0.58541846419327,0.2293576383077287
8,colorectal adenocarcinoma epithelium,6,normal colon mucosa,residual_full,logistic_regression,8,863,863,1577,741,0.6969253532348015,0.5677308024158757,0.8065019928557886
8,colorectal adenocarcinoma epithelium,6,normal colon mucosa,residual_full,mean_difference,8,863,863,1577,741,0.5781943028880919,0.5742018981880932,0.22434825341005862
8,colorectal adenocarcinoma epithelium,6,normal colon mucosa,residual_full,logistic_regression,9,863,863,1577,741,0.6692091185966966,0.6169111302847282,0.6611250323598571
8,colorectal adenocarcinoma epithelium,6,normal colon mucosa,residual_full,mean_difference,9,863,863,1577,741,0.5757725125945932,0.5793787748058671,0.21973267629972812
8,colorectal adenocarcinoma epithelium,6,normal colon mucosa,residual_full,logistic_regression,10,863,863,1577,741,0.6720553640087732,0.6169111302847282,0.6606082613122802
8,colorectal adenocarcinoma epithelium,6,normal colon mucosa,residual_full,mean_difference,10,863,863,1577,741,0.5934199187544981,0.5841242450388265,0.2884790972690122
8,colorectal adenocarcinoma epithelium,6,normal colon mucosa,residual_full,logistic_regression,11,863,863,1577,741,0.7082461531615488,0.5987920621225195,0.8203278446772629
8,colorectal adenocarcinoma epithelium,6,normal colon mucosa,residual_full,mean_difference,11,863,863,1577,741,0.5955712900611609,0.58541846419327,0.3026185362987344
8,colorectal adenocarcinoma epithelium,6,normal colon mucosa,residual_full,logistic_regression,12,863,863,1577,741,0.6773388033275227,0.5819672131147541,0.6902486571019615
8,colorectal adenocarcinoma epithelium,6,normal colon mucosa,residual_full,mean_difference,12,863,863,1577,741,0.5977389207372854,0.5884383088869716,0.3085067907941337
8,colorectal adenocarcinoma epithelium,6,normal colon mucosa,residual_full,logistic_regression,13,863,863,1577,741,0.6912944768633451,0.6013805004314063,0.7059036749148785
8,colorectal adenocarcinoma epithelium,6,normal colon mucosa,residual_full,mean_difference,13,863,863,1577,741,0.5863950153907769,0.5819672131147541,0.2629214714863266
8,colorectal adenocarcinoma epithelium,6,normal colon mucosa,residual_full,logistic_regression,14,863,863,1577,741,0.6401519138561491,0.5875754961173425,0.5822221651652371
8,colorectal adenocarcinoma epithelium,6,normal colon mucosa,residual_full,mean_difference,14,863,863,1577,741,0.5890350235375766,0.5802415875754962,0.2729107337894767
8,colorectal adenocarcinoma epithelium,6,normal colon mucosa,residual_full,logistic_regression,15,863,863,1577,741,0.6749289936220484,0.5470232959447799,0.7247587354372625
8,colorectal adenocarcinoma epithelium,6,normal colon mucosa,residual_full,mean_difference,15,863,863,1577,741,0.5899840572603647,0.5793787748058671,0.2828925666883263
8,colorectal adenocarcinoma epithelium,6,normal colon mucosa,residual_full,logistic_regression,16,863,863,1577,741,0.6657552862205267,0.5729076790336497,0.6764731180710372
8,colorectal adenocarcinoma epithelium,6,normal colon mucosa,residual_full,mean_difference,16,863,863,1577,741,0.5787830632138612,0.5841242450388265,0.2358862053193389
8,colorectal adenocarcinoma epithelium,6,normal colon mucosa,residual_full,logistic_regression,17,863,863,1577,741,0.6715804192692355,0.5918895599654875,0.7629437283624572
8,colorectal adenocarcinoma epithelium,6,normal colon mucosa,residual_full,mean_difference,17,863,863,1577,741,0.5870796204207411,0.586281276962899,0.2703988033586945
8,colorectal adenocarcinoma epithelium,6,normal colon mucosa,residual_full,logistic_regression,18,863,863,1577,741,0.6798239195862932,0.6177739430543572,0.7428483203598727
8,colorectal adenocarcinoma epithelium,6,normal colon mucosa,residual_full,mean_difference,18,863,863,1577,741,0.5762448900652686,0.5742018981880932,0.21506044095152038
8,colorectal adenocarcinoma epithelium,6,normal colon mucosa,residual_full,logistic_regression,19,863,863,1577,741,0.6826915589055562,0.5625539257981018,0.7346909616955903
8,colorectal adenocarcinoma epithelium,6,normal colon mucosa,residual_full,mean_difference,19,863,863,1577,741,0.59511089317851,0.586281276962899,0.30065654787961243
8,colorectal adenocarcinoma epithelium,6,normal colon mucosa,residual_full,logistic_regression,20,863,863,1577,741,0.6577488303950941,0.5802415875754962,0.6419830338327126
8,colorectal adenocarcinoma epithelium,6,normal colon mucosa,residual_full,mean_difference,20,863,863,1577,741,0.5896751292405933,0.5806729939603106,0.27695655265953206
6,normal colon mucosa,6,normal colon mucosa,residual_top8_pca,logistic_regression,1,519,519,222,222,0.7818764710656603,0.7094594594594594,1.1020492596635818
6,normal colon mucosa,6,normal colon mucosa,residual_top8_pca,mean_difference,1,519,519,222,222,0.7444606768931094,0.6981981981981982,0.9315619188507371
6,normal colon mucosa,6,normal colon mucosa,residual_top8_pca,logistic_regression,2,519,519,222,222,0.7914536157779402,0.7117117117117117,1.1438543070651839
6,normal colon mucosa,6,normal colon mucosa,residual_top8_pca,mean_difference,2,519,519,222,222,0.7665773881990098,0.6981981981981982,1.0378462976584684
6,normal colon mucosa,6,normal colon mucosa,residual_top8_pca,logistic_regression,3,519,519,222,222,0.8429713497281065,0.759009009009009,1.4007090031513763
6,normal colon mucosa,6,normal colon mucosa,residual_top8_pca,mean_difference,3,519,519,222,222,0.8327246165084002,0.7545045045045045,1.333375155198075
6,normal colon mucosa,6,normal colon mucosa,residual_top8_pca,logistic_regression,4,519,519,222,222,0.7686876065254443,0.6936936936936937,1.0623546977556662
6,normal colon mucosa,6,normal colon mucosa,residual_top8_pca,mean_difference,4,519,519,222,222,0.7539160782404025,0.704954954954955,0.9764950177305692
6,normal colon mucosa,6,normal colon mucosa,residual_top8_pca,logistic_regression,5,519,519,222,222,0.7947406866325786,0.7297297297297297,1.1404271607876264
6,normal colon mucosa,6,normal colon mucosa,residual_top8_pca,mean_difference,5,519,519,222,222,0.7811460108757406,0.704954954954955,1.0902985091497976
6,normal colon mucosa,6,normal colon mucosa,residual_top8_pca,logistic_regression,6,519,519,222,222,0.791433325217109,0.7117117117117117,1.1528435942607487
6,normal colon mucosa,6,normal colon mucosa,residual_top8_pca,mean_difference,6,519,519,222,222,0.7766820874928984,0.7027027027027027,1.0739788614209684
6,normal colon mucosa,6,normal colon mucosa,residual_top8_pca,logistic_regression,7,519,519,222,222,0.825075075075075,0.7432432432432432,1.3070233484465972
6,normal colon mucosa,6,normal colon mucosa,residual_top8_pca,mean_difference,7,519,519,222,222,0.7898506614722831,0.7274774774774775,1.1381490284630105
6,normal colon mucosa,6,normal colon mucosa,residual_top8_pca,logistic_regression,8,519,519,222,222,0.7939899358818278,0.722972972972973,1.1623526843033423
6,normal colon mucosa,6,normal colon mucosa,residual_top8_pca,mean_difference,8,519,519,222,222,0.7667802938073208,0.7027027027027027,1.023046385178784
6,normal colon mucosa,6,normal colon mucosa,residual_top8_pca,logistic_regression,9,519,519,222,222,0.8076860644428212,0.7162162162162162,1.2088927256650484
6,normal colon mucosa,6,normal colon mucosa,residual_top8_pca,mean_difference,9,519,519,222,222,0.8021670318967616,0.7319819819819819,1.1932458386439142
6,normal colon mucosa,6,normal colon mucosa,residual_top8_pca,logistic_regression,10,519,519,222,222,0.8060831101371642,0.7387387387387387,1.21313164921161
6,normal colon mucosa,6,normal colon mucosa,residual_top8_pca,mean_difference,10,519,519,222,222,0.7653193734274816,0.6824324324324325,1.0349411555956387
6,normal colon mucosa,6,normal colon mucosa,residual_top8_pca,logistic_regression,11,519,519,222,222,0.7933000568135703,0.722972972972973,1.1540999405129855
6,normal colon mucosa,6,normal colon mucosa,residual_top8_pca,mean_difference,11,519,519,222,222,0.7806793279766253,0.7072072072072072,1.092922581138395
6,normal colon mucosa,6,normal colon mucosa,residual_top8_pca,logistic_regression,12,519,519,222,222,0.8206314422530638,0.7252252252252253,1.2877329065809902
6,normal colon mucosa,6,normal colon mucosa,residual_top8_pca,mean_difference,12,519,519,222,222,0.80305981657333,0.7162162162162162,1.2047380092575113
6,normal colon mucosa,6,normal colon mucosa,residual_top8_pca,logistic_regression,13,519,519,222,222,0.8189879068257446,0.7342342342342343,1.2900901355145369
6,normal colon mucosa,6,normal colon mucosa,residual_top8_pca,mean_difference,13,519,519,222,222,0.8029177826475123,0.7117117117117117,1.177135662622074
6,normal colon mucosa,6,normal colon mucosa,residual_top8_pca,logistic_regression,14,519,519,222,222,0.7949841733625518,0.713963963963964,1.1583782586912617
6,normal colon mucosa,6,normal colon mucosa,residual_top8_pca,mean_difference,14,519,519,222,222,0.7822417011606201,0.7184684684684685,1.0959384867732238
6,normal colon mucosa,6,normal colon mucosa,residual_top8_pca,logistic_regression,15,519,519,222,222,0.7685455725996266,0.6981981981981982,1.065018671093835
6,normal colon mucosa,6,normal colon mucosa,residual_top8_pca,mean_difference,15,519,519,222,222,0.7637367096826556,0.6981981981981982,1.0232538660475763
6,normal colon mucosa,6,normal colon mucosa,residual_top8_pca,logistic_regression,16,519,519,222,222,0.7806793279766253,0.6981981981981982,1.079910234847286
6,normal colon mucosa,6,normal colon mucosa,residual_top8_pca,mean_difference,16,519,519,222,222,0.7833576820063306,0.6914414414414415,1.1002816411657488
6,normal colon mucosa,6,normal colon mucosa,residual_top8_pca,logistic_regression,17,519,519,222,222,0.7964856748640532,0.7274774774774775,1.178757167213135
6,normal colon mucosa,6,normal colon mucosa,residual_top8_pca,mean_difference,17,519,519,222,222,0.7851229607986365,0.7207207207207207,1.076826357996862
6,normal colon mucosa,6,normal colon mucosa,residual_top8_pca,logistic_regression,18,519,519,222,222,0.8012133755376999,0.7207207207207207,1.1990535676118783
6,normal colon mucosa,6,normal colon mucosa,residual_top8_pca,mean_difference,18,519,519,222,222,0.797053810567324,0.7342342342342343,1.1621676499457314
6,normal colon mucosa,6,normal colon mucosa,residual_top8_pca,logistic_regression,19,519,519,222,222,0.8064686307929552,0.7297297297297297,1.1938899333571096
6,normal colon mucosa,6,normal colon mucosa,residual_top8_pca,mean_difference,19,519,519,222,222,0.7839055271487704,0.7162162162162162,1.1100725380204894
6,normal colon mucosa,6,normal colon mucosa,residual_top8_pca,logistic_regression,20,519,519,222,222,0.7675107539972404,0.6846846846846847,1.0674297778367614
6,normal colon mucosa,6,normal colon mucosa,residual_top8_pca,mean_difference,20,519,519,222,222,0.7564726889051213,0.6846846846846847,0.9812541250520777
6,normal colon mucosa,6,normal colon mucosa,residual_full,logistic_regression,1,519,519,222,222,0.8779522766009252,0.7702702702702703,1.5597781484448572
6,normal colon mucosa,6,normal colon mucosa,residual_full,mean_difference,1,519,519,222,222,0.766597678759841,0.6801801801801802,1.0468471380627478
6,normal colon mucosa,6,normal colon mucosa,residual_full,logistic_regression,2,519,519,222,222,0.9120201282363445,0.8378378378378378,1.7597042486099752
6,normal colon mucosa,6,normal colon mucosa,residual_full,mean_difference,2,519,519,222,222,0.7838243649054459,0.704954954954955,1.1081889569423724
6,normal colon mucosa,6,normal colon mucosa,residual_full,logistic_regression,3,519,519,222,222,0.9105997889781674,0.8355855855855856,1.822972062623407
6,normal colon mucosa,6,normal colon mucosa,residual_full,mean_difference,3,519,519,222,222,0.7843316289262235,0.713963963963964,1.120511916831614
6,normal colon mucosa,6,normal colon mucosa,residual_full,logistic_regression,4,519,519,222,222,0.9021792062332603,0.8265765765765766,1.7103346294969206
6,normal colon mucosa,6,normal colon mucosa,residual_full,mean_difference,4,519,519,222,222,0.8023496469442415,0.75,1.2069563841264204
6,normal colon mucosa,6,normal colon mucosa,residual_full,logistic_regression,5,519,519,222,222,0.9260003246489733,0.8423423423423423,1.9677910562293313
6,normal colon mucosa,6,normal colon mucosa,residual_full,mean_difference,5,519,519,222,222,0.828463598733869,0.7387387387387387,1.34815205399679
6,normal colon mucosa,6,normal colon mucosa,residual_full,logistic_regression,6,519,519,222,222,0.874097070043016,0.7837837837837838,1.492471001951679
6,normal colon mucosa,6,normal colon mucosa,residual_full,mean_difference,6,519,519,222,222,0.749797094391689,0.6981981981981982,0.9504617587556862
6,normal colon mucosa,6,normal colon mucosa,residual_full,logistic_regression,7,519,519,222,222,0.9045329112896681,0.8198198198198198,1.7582043879294678
6,normal colon mucosa,6,normal colon mucosa,residual_full,mean_difference,7,519,519,222,222,0.801253956659362,0.7342342342342343,1.2171985726559806
6,normal colon mucosa,6,normal colon mucosa,residual_full,logistic_regression,8,519,519,222,222,0.8970051132213295,0.8220720720720721,1.7101419016517427
6,normal colon mucosa,6,normal colon mucosa,residual_full,mean_difference,8,519,519,222,222,0.8049062576089603,0.7454954954954955,1.220080705499037
6,normal colon mucosa,6,normal colon mucosa,residual_full,logistic_regression,9,519,519,222,222,0.9095040986932879,0.8265765765765766,1.8209028600754262
6,normal colon mucosa,6,normal colon mucosa,residual_full,mean_difference,9,519,519,222,222,0.8042975407840273,0.7094594594594594,1.2036605650963372
6,normal colon mucosa,6,normal colon mucosa,residual_full,logistic_regression,10,519,519,222,222,0.913521629737846,0.8378378378378378,1.8033712088861864
6,normal colon mucosa,6,normal colon mucosa,residual_full,mean_difference,10,519,519,222,222,0.8047642236831426,0.759009009009009,1.1976860423719833
6,normal colon mucosa,6,normal colon mucosa,residual_full,logistic_regression,11,519,519,222,222,0.9234234234234234,0.8400900900900901,1.905603369027709
6,normal colon mucosa,6,normal colon mucosa,residual_full,mean_difference,11,519,519,222,222,0.8188458728999269,0.7342342342342343,1.2809708155155302
6,normal colon mucosa,6,normal colon mucosa,residual_full,logistic_regression,12,519,519,222,222,0.8758420582744907,0.8018018018018018,1.5017216483943847
6,normal colon mucosa,6,normal colon mucosa,residual_full,mean_difference,12,519,519,222,222,0.8030192354516679,0.7522522522522522,1.2042282505018413
6,normal colon mucosa,6,normal colon mucosa,residual_full,logistic_regression,13,519,519,222,222,0.8804277250223196,0.7972972972972973,1.6286405040111631
6,normal colon mucosa,6,normal colon mucosa,residual_full,mean_difference,13,519,519,222,222,0.7605916727538349,0.7004504504504504,1.0208447674877033
6,normal colon mucosa,6,normal colon mucosa,residual_full,logistic_regression,14,519,519,222,222,0.8922571219868517,0.8108108108108109,1.6858674845235837
6,normal colon mucosa,6,normal colon mucosa,residual_full,mean_difference,14,519,519,222,222,0.7941319698076454,0.722972972972973,1.1641070990233546
6,normal colon mucosa,6,normal colon mucosa,residual_full,logistic_regression,15,519,519,222,222,0.8903498092687282,0.7972972972972973,1.6464378720264687
6,normal colon mucosa,6,normal colon mucosa,residual_full,mean_difference,15,519,519,222,222,0.788430322214106,0.7387387387387387,1.1274869883154697
6,normal colon mucosa,6,normal colon mucosa,residual_full,logistic_regression,16,519,519,222,222,0.8915672429185942,0.8108108108108109,1.5787313745022729
6,normal colon mucosa,6,normal colon mucosa,residual_full,mean_difference,16,519,519,222,222,0.7987785082379677,0.7364864864864865,1.1843916339134575
6,normal colon mucosa,6,normal colon mucosa,residual_full,logistic_regression,17,519,519,222,222,0.9033560587614642,0.8153153153153153,1.6761196296743883
6,normal colon mucosa,6,normal colon mucosa,residual_full,mean_difference,17,519,519,222,222,0.8332115899683468,0.7477477477477478,1.3431253172265272
6,normal colon mucosa,6,normal colon mucosa,residual_full,logistic_regression,18,519,519,222,222,0.9278873468062657,0.8851351351351351,1.9456365417480344
6,normal colon mucosa,6,normal colon mucosa,residual_full,mean_difference,18,519,519,222,222,0.8521629737845954,0.8018018018018018,1.4875102664410436
6,normal colon mucosa,6,normal colon mucosa,residual_full,logistic_regression,19,519,519,222,222,0.908712766820875,0.8333333333333334,1.7987287870357984
6,normal colon mucosa,6,normal colon mucosa,residual_full,mean_difference,19,519,519,222,222,0.7851838324811298,0.6981981981981982,1.1377187576502332
6,normal colon mucosa,6,normal colon mucosa,residual_full,logistic_regression,20,519,519,222,222,0.8648242837432026,0.7747747747747747,1.5017972060649043
6,normal colon mucosa,6,normal colon mucosa,residual_full,mean_difference,20,519,519,222,222,0.7471796120444769,0.6869369369369369,0.9681380784439052
6,normal colon mucosa,8,colorectal adenocarcinoma epithelium,residual_top8_pca,logistic_regression,1,519,519,2577,1233,0.6433013232975845,0.699475065616798,0.5201339300587561
6,normal colon mucosa,8,colorectal adenocarcinoma epithelium,residual_top8_pca,mean_difference,1,519,519,2577,1233,0.673801968313495,0.6960629921259842,0.6526696179703009
6,normal colon mucosa,8,colorectal adenocarcinoma epithelium,residual_top8_pca,logistic_regression,2,519,519,2577,1233,0.6483755323859672,0.6986876640419948,0.5577114089613192
6,normal colon mucosa,8,colorectal adenocarcinoma epithelium,residual_top8_pca,mean_difference,2,519,519,2577,1233,0.6734098288528411,0.6971128608923884,0.6577620896654098
6,normal colon mucosa,8,colorectal adenocarcinoma epithelium,residual_top8_pca,logistic_regression,3,519,519,2577,1233,0.6486191246352018,0.684514435695538,0.5436890511530448
6,normal colon mucosa,8,colorectal adenocarcinoma epithelium,residual_top8_pca,mean_difference,3,519,519,2577,1233,0.6704023772589326,0.6868766404199476,0.6239793189563223
6,normal colon mucosa,8,colorectal adenocarcinoma epithelium,residual_top8_pca,logistic_regression,4,519,519,2577,1233,0.6370705231033401,0.6858267716535433,0.5054949428717864
6,normal colon mucosa,8,colorectal adenocarcinoma epithelium,residual_top8_pca,mean_difference,4,519,519,2577,1233,0.6637369505838189,0.6905511811023622,0.612482217547079
6,normal colon mucosa,8,colorectal adenocarcinoma epithelium,residual_top8_pca,logistic_regression,5,519,519,2577,1233,0.6523139218005937,0.7,0.5661438021754275
6,normal colon mucosa,8,colorectal adenocarcinoma epithelium,residual_top8_pca,mean_difference,5,519,519,2577,1233,0.6801057832387761,0.6931758530183727,0.6664718842382588
6,normal colon mucosa,8,colorectal adenocarcinoma epithelium,residual_top8_pca,logistic_regression,6,519,519,2577,1233,0.6442464234583742,0.6800524934383202,0.5339233363200367
6,normal colon mucosa,8,colorectal adenocarcinoma epithelium,residual_top8_pca,mean_difference,6,519,519,2577,1233,0.6621885347359715,0.6821522309711286,0.6010285212412309
6,normal colon mucosa,8,colorectal adenocarcinoma epithelium,residual_top8_pca,logistic_regression,7,519,519,2577,1233,0.6550132638182738,0.6973753280839895,0.5749727721380057
6,normal colon mucosa,8,colorectal adenocarcinoma epithelium,residual_top8_pca,mean_difference,7,519,519,2577,1233,0.7051979879406101,0.7010498687664042,0.7686243715272103
6,normal colon mucosa,8,colorectal adenocarcinoma epithelium,residual_top8_pca,logistic_regression,8,519,519,2577,1233,0.6459566047017081,0.6958005249343832,0.539596926140467
6,normal colon mucosa,8,colorectal adenocarcinoma epithelium,residual_top8_pca,mean_difference,8,519,519,2577,1233,0.6927068039973048,0.700262467191601,0.7231760847835332
6,normal colon mucosa,8,colorectal adenocarcinoma epithelium,residual_top8_pca,logistic_regression,9,519,519,2577,1233,0.6531450938034726,0.6874015748031496,0.579244563954023
6,normal colon mucosa,8,colorectal adenocarcinoma epithelium,residual_top8_pca,mean_difference,9,519,519,2577,1233,0.6529524859784965,0.6826771653543308,0.5795513681392174
6,normal colon mucosa,8,colorectal adenocarcinoma epithelium,residual_top8_pca,logistic_regression,10,519,519,2577,1233,0.6611867852148946,0.6958005249343832,0.6060935244273601
6,normal colon mucosa,8,colorectal adenocarcinoma epithelium,residual_top8_pca,mean_difference,10,519,519,2577,1233,0.6852725196156279,0.694488188976378,0.6848103630365434
6,normal colon mucosa,8,colorectal adenocarcinoma epithelium,residual_top8_pca,logistic_regression,11,519,519,2577,1233,0.6497864161757843,0.6921259842519685,0.566664757436277
6,normal colon mucosa,8,colorectal adenocarcinoma epithelium,residual_top8_pca,mean_difference,11,519,519,2577,1233,0.6638137419388747,0.6913385826771653,0.6137367554159456
6,normal colon mucosa,8,colorectal adenocarcinoma epithelium,residual_top8_pca,logistic_regression,12,519,519,2577,1233,0.6488929298765894,0.7,0.5477385516781349
6,normal colon mucosa,8,colorectal adenocarcinoma epithelium,residual_top8_pca,mean_difference,12,519,519,2577,1233,0.7125705874633077,0.7073490813648294,0.8062890721787087
6,normal colon mucosa,8,colorectal adenocarcinoma epithelium,residual_top8_pca,logistic_regression,13,519,519,2577,1233,0.6424188521517787,0.6913385826771653,0.5228701580998893
6,normal colon mucosa,8,colorectal adenocarcinoma epithelium,residual_top8_pca,mean_difference,13,519,519,2577,1233,0.6530758556964551,0.684514435695538,0.5742559754784851
6,normal colon mucosa,8,colorectal adenocarcinoma epithelium,residual_top8_pca,logistic_regression,14,519,519,2577,1233,0.6289460606821653,0.6897637795275591,0.4617500985167664
6,normal colon mucosa,8,colorectal adenocarcinoma epithelium,residual_top8_pca,mean_difference,14,519,519,2577,1233,0.6326358223488651,0.6826771653543308,0.5060418320160539
6,normal colon mucosa,8,colorectal adenocarcinoma epithelium,residual_top8_pca,logistic_regression,15,519,519,2577,1233,0.6285460532548047,0.6881889763779527,0.45485667149696296
6,normal colon mucosa,8,colorectal adenocarcinoma epithelium,residual_top8_pca,mean_difference,15,519,519,2577,1233,0.6340083104611541,0.6782152230971129,0.5172514410529094
6,normal colon mucosa,8,colorectal adenocarcinoma epithelium,residual_top8_pca,logistic_regression,16,519,519,2577,1233,0.6319661010228041,0.6902887139107612,0.481939132001174
6,normal colon mucosa,8,colorectal adenocarcinoma epithelium,residual_top8_pca,mean_difference,16,519,519,2577,1233,0.6609227362522231,0.689501312335958,0.6088920956587144
6,normal colon mucosa,8,colorectal adenocarcinoma epithelium,residual_top8_pca,logistic_regression,17,519,519,2577,1233,0.6412216623377114,0.6921259842519685,0.5231568428671994
6,normal colon mucosa,8,colorectal adenocarcinoma epithelium,residual_top8_pca,mean_difference,17,519,519,2577,1233,0.6565210809579155,0.6871391076115485,0.5905162965565465
6,normal colon mucosa,8,colorectal adenocarcinoma epithelium,residual_top8_pca,logistic_regression,18,519,519,2577,1233,0.6613834843825581,0.6973753280839895,0.616255065141576
6,normal colon mucosa,8,colorectal adenocarcinoma epithelium,residual_top8_pca,mean_difference,18,519,519,2577,1233,0.6871145679809633,0.699475065616798,0.7108206153333695
6,normal colon mucosa,8,colorectal adenocarcinoma epithelium,residual_top8_pca,logistic_regression,19,519,519,2577,1233,0.6520246953444612,0.6979002624671916,0.5666714981369046
6,normal colon mucosa,8,colorectal adenocarcinoma epithelium,residual_top8_pca,mean_difference,19,519,519,2577,1233,0.6930164871668743,0.6989501312335958,0.7208825933920447
6,normal colon mucosa,8,colorectal adenocarcinoma epithelium,residual_top8_pca,logistic_regression,20,519,519,2577,1233,0.6539948342077792,0.6887139107611548,0.5850021785645289
6,normal colon mucosa,8,colorectal adenocarcinoma epithelium,residual_top8_pca,mean_difference,20,519,519,2577,1233,0.6654893041286998,0.6863517060367454,0.6235603106482731
6,normal colon mucosa,8,colorectal adenocarcinoma epithelium,residual_full,logistic_regression,1,519,519,2577,1233,0.6040977629482341,0.7039370078740157,0.2912651461382497
6,normal colon mucosa,8,colorectal adenocarcinoma epithelium,residual_full,mean_difference,1,519,519,2577,1233,0.6163176593994979,0.6834645669291338,0.41669595601321496
6,normal colon mucosa,8,colorectal adenocarcinoma epithelium,residual_full,logistic_regression,2,519,519,2577,1233,0.6085944632803567,0.7015748031496063,0.3702310079326509
6,normal colon mucosa,8,colorectal adenocarcinoma epithelium,residual_full,mean_difference,2,519,519,2577,1233,0.5952497623087258,0.6774278215223097,0.33597806391765384
6,normal colon mucosa,8,colorectal adenocarcinoma epithelium,residual_full,logistic_regression,3,519,519,2577,1233,0.5833219247816088,0.6745406824146981,0.18315926619372555
6,normal colon mucosa,8,colorectal adenocarcinoma epithelium,residual_full,mean_difference,3,519,519,2577,1233,0.603461401801009,0.679265091863517,0.3724660308259181
6,normal colon mucosa,8,colorectal adenocarcinoma epithelium,residual_full,logistic_regression,4,519,519,2577,1233,0.5688215768601211,0.6700787401574804,0.17568199473879842
6,normal colon mucosa,8,colorectal adenocarcinoma epithelium,residual_full,mean_difference,4,519,519,2577,1233,0.5870787215246482,0.6748031496062992,0.30942542790705074
6,normal colon mucosa,8,colorectal adenocarcinoma epithelium,residual_full,logistic_regression,5,519,519,2577,1233,0.600011770478193,0.684514435695538,0.2997320073078938
6,normal colon mucosa,8,colorectal adenocarcinoma epithelium,residual_full,mean_difference,5,519,519,2577,1233,0.5996970518099314,0.6748031496062992,0.3558085028246314
6,normal colon mucosa,8,colorectal adenocarcinoma epithelium,residual_full,logistic_regression,6,519,519,2577,1233,0.5836492321966009,0.6771653543307087,0.20906376665938844
6,normal colon mucosa,8,colorectal adenocarcinoma epithelium,residual_full,mean_difference,6,519,519,2577,1233,0.5958987122026813,0.6719160104986877,0.34761171415966613
6,normal colon mucosa,8,colorectal adenocarcinoma epithelium,residual_full,logistic_regression,7,519,519,2577,1233,0.61749407778146,0.7112860892388452,0.3197721120211012
6,normal colon mucosa,8,colorectal adenocarcinoma epithelium,residual_full,mean_difference,7,519,519,2577,1233,0.601854448280865,0.6821522309711286,0.35719797569440753
6,normal colon mucosa,8,colorectal adenocarcinoma epithelium,residual_full,logistic_regression,8,519,519,2577,1233,0.6114864131230131,0.6813648293963255,0.3768159879224965
6,normal colon mucosa,8,colorectal adenocarcinoma epithelium,residual_full,mean_difference,8,519,519,2577,1233,0.611555965948699,0.6797900262467191,0.40582406014973854
6,normal colon mucosa,8,colorectal adenocarcinoma epithelium,residual_full,logistic_regression,9,519,519,2577,1233,0.5717431102575941,0.6797900262467191,0.12708048217112897
6,normal colon mucosa,8,colorectal adenocarcinoma epithelium,residual_full,mean_difference,9,519,519,2577,1233,0.5908584927304709,0.6821522309711286,0.3162794108970652
6,normal colon mucosa,8,colorectal adenocarcinoma epithelium,residual_full,logistic_regression,10,519,519,2577,1233,0.5538135877267273,0.6847769028871391,0.08367183893983492
6,normal colon mucosa,8,colorectal adenocarcinoma epithelium,residual_full,mean_difference,10,519,519,2577,1233,0.6192933244079118,0.6866141732283465,0.42813523525562
6,normal colon mucosa,8,colorectal adenocarcinoma epithelium,residual_full,logistic_regression,11,519,519,2577,1233,0.589042566014601,0.6803149606299213,0.26459271180134675
6,normal colon mucosa,8,colorectal adenocarcinoma epithelium,residual_full,mean_difference,11,519,519,2577,1233,0.5873462323926707,0.6803149606299213,0.30532647429877224
6,normal colon mucosa,8,colorectal adenocarcinoma epithelium,residual_full,logistic_regression,12,519,519,2577,1233,0.5937916707186696,0.6829396325459317,0.28698940425507824
6,normal colon mucosa,8,colorectal adenocarcinoma epithelium,residual_full,mean_difference,12,519,519,2577,1233,0.6216335724251056,0.6824146981627297,0.4446320596053391
6,normal colon mucosa,8,colorectal adenocarcinoma epithelium,residual_full,logistic_regression,13,519,519,2577,1233,0.5860889313129654,0.6910761154855644,0.23378792641404278
6,normal colon mucosa,8,colorectal adenocarcinoma epithelium,residual_full,mean_difference,13,519,519,2577,1233,0.6007834606527706,0.6721784776902887,0.3652840622600052
6,normal colon mucosa,8,colorectal adenocarcinoma epithelium,residual_full,logistic_regression,14,519,519,2577,1233,0.6164932724163878,0.7076115485564305,0.35478679257587487
6,normal colon mucosa,8,colorectal adenocarcinoma epithelium,residual_full,mean_difference,14,519,519,2577,1233,0.6167714837191313,0.6813648293963255,0.42798818117236964
6,normal colon mucosa,8,colorectal adenocarcinoma epithelium,residual_full,logistic_regression,15,519,519,2577,1233,0.6029307861263199,0.689501312335958,0.32438162287399885
6,normal colon mucosa,8,colorectal adenocarcinoma epithelium,residual_full,mean_difference,15,519,519,2577,1233,0.6224250898757837,0.6837270341207349,0.44397773139579855
6,normal colon mucosa,8,colorectal adenocarcinoma epithelium,residual_full,logistic_regression,16,519,519,2577,1233,0.5834959642051576,0.679265091863517,0.26069819844503195
6,normal colon mucosa,8,colorectal adenocarcinoma epithelium,residual_full,mean_difference,16,519,519,2577,1233,0.6117787867658282,0.6808398950131234,0.4022322928425873
6,normal colon mucosa,8,colorectal adenocarcinoma epithelium,residual_full,logistic_regression,17,519,519,2577,1233,0.5932399688932068,0.6958005249343832,0.299929427704699
6,normal colon mucosa,8,colorectal adenocarcinoma epithelium,residual_full,mean_difference,17,519,519,2577,1233,0.6113123736994645,0.6750656167979002,0.40980381841599656
6,normal colon mucosa,8,colorectal adenocarcinoma epithelium,residual_full,logistic_regression,18,519,519,2577,1233,0.5939144109992915,0.6713910761154855,0.2824964025208987
6,normal colon mucosa,8,colorectal adenocarcinoma epithelium,residual_full,mean_difference,18,519,519,2577,1233,0.5856055234385155,0.6648293963254593,0.3163934699999111
6,normal colon mucosa,8,colorectal adenocarcinoma epithelium,residual_full,logistic_regression,19,519,519,2577,1233,0.6139881118170251,0.7034120734908137,0.34908675700881386
6,normal colon mucosa,8,colorectal adenocarcinoma epithelium,residual_full,mean_difference,19,519,519,2577,1233,0.614540128361156,0.6766404199475066,0.4194223763852371
6,normal colon mucosa,8,colorectal adenocarcinoma epithelium,residual_full,logistic_regression,20,519,519,2577,1233,0.6221953452479527,0.6902887139107612,0.39879666383344675
6,normal colon mucosa,8,colorectal adenocarcinoma epithelium,residual_full,mean_difference,20,519,519,2577,1233,0.6061632615680355,0.6850393700787402,0.3753588187394187
